<?xml version="1.0" encoding="UTF-8"?>
    <addon id="repository.iswitchstreams" name="[COLORffff0066][I]iSw!tch Streams Repository[/I][/COLOR]" version="2.1" provider-name="iSwitch">
        <requires>
            <import addon="xbmc.addon" version="12.0.0"/>
        </requires>
        <extension point="xbmc.addon.repository" name="[COLORfffefe22][I]iSw!tch Streams Repository[/I][/COLOR]">
            <dir>
				<info compressed="false">https://raw.githubusercontent.com/MrSkywalker3000/_zips/master/addons.xml</info>
				<checksum>https://raw.githubusercontent.com/MrSkywalker3000/_zips/master/addons.xml.md5</checksum>
				<datadir zip="true">https://raw.githubusercontent.com/MrSkywalker3000/_zips/master/</datadir>
            <hashes>false</hashes>
			</dir>
            <dir>
                <info compressed="false">https://raw.githubusercontent.com/jsergio123/zips/master/addons.xml</info>
                <checksum>https://raw.githubusercontent.com/jsergio123/zips/master/addons.xml.md5</checksum>
                <datadir zip="true">https://raw.githubusercontent.com/jsergio123/zips/master/</datadir>
            </dir>
            <dir>
                <info compressed="false">https://raw.githubusercontent.com/teamuniversal/scrapers/master/_modules4all/zips/addons.xml</info>
                <checksum>https://raw.githubusercontent.com/teamuniversal/scrapers/master/_modules4all/zips/addons.xml.md5</checksum>
                <datadir zip="true">https://raw.githubusercontent.com/teamuniversal/scrapers/master/_modules4all/zips/</datadir>
            </dir>
            <dir>
                <info compressed="false">https://raw.githubusercontent.com/totalrevolution/python-koding/master/zips/addons.xml</info>
                <checksum>https://raw.githubusercontent.com/totalrevolution/python-koding/master/zips/addons.xml.md5</checksum>
                <datadir zip="true">https://raw.githubusercontent.com/totalrevolution/python-koding/master/zips/</datadir>
            </dir>
        </extension>
        <extension point="xbmc.addon.metadata">
		<summary lang="en">[COLORfffefe22][I]iSw!tch Streams Repository[/I][/COLOR]</summary>
		<description lang="en">Official iSw!tch Streams Repository</description>
		<platform>all</platform>
    <assets>
        <icon>icon.png</icon>
        <fanart>fanart.gif</fanart>      
    </assets>
	</extension>
</addon>
			